[
    {
        "title": "Time to Share: 6 for $3.99*",
        "img": "comp_plate_promo1.png",
        "description": "Lorem ipsum dolor sit amet. consectetur adipisicing elit, sed do eiusmod tempor incididunt ut la bore et dolore magna aliqua. Ut enim ad minim veniam, quis nostrud exefcitalion ullamoo laboris nisi ut aliquip ex ea commodo oonsequat.",
        "note": "* At vero eos et accusamus et iusto odo dtgntsslmos duclmus qui blandltlis praesentlum voluptatum delenrtl atque corruptl quos doQres et quas molestlas exceptun sint occaecatl cupidrtate non pro v dent, slmllique sunt In culpa qui otflcia deserunt mollrtia anlmi. id est la bo aim et dolorum tuga.",
        "productUrl": "/products/promo1.html"
    },
    {
        "title": "Rise 'n shine",
        "img": "comp_plate_promo2.png",
        "description": "Lorem ipsum dolor sit amet. consectetur adipisicing elit, sed do eiusmod tempor incididunt ut la bore et dolore magna aliqua. Ut enim ad minim veniam, quis nostrud exefcitalion ullamoo laboris nisi ut aliquip ex ea commodo oonsequat.",
        "note": "* At vero eos et accusamus et iusto odo dtgntsslmos duclmus qui blandltlis praesentlum voluptatum delenrtl atque corruptl quos doQres et quas molestlas exceptun sint occaecatl cupidrtate non pro v dent, slmllique sunt In culpa qui otflcia deserunt mollrtia anlmi. id est la bo aim et dolorum tuga.",
        "productUrl": "/products/promo2.html"
    },
    {
        "title": "PM Snackers: Brownie Bites",
        "img": "comp_plate_promo3.png",
        "description": "Lorem ipsum dolor sit amet. consectetur adipisicing elit, sed do eiusmod tempor incididunt ut la bore et dolore magna aliqua. Ut enim ad minim veniam, quis nostrud exefcitalion ullamoo laboris nisi ut aliquip ex ea commodo oonsequat.",
        "note": "* At vero eos et accusamus et iusto odo dtgntsslmos duclmus qui blandltlis praesentlum voluptatum delenrtl atque corruptl quos doQres et quas molestlas exceptun sint occaecatl cupidrtate non pro v dent, slmllique sunt In culpa qui otflcia deserunt mollrtia anlmi. id est la bo aim et dolorum tuga.",
        "productUrl": "/products/promo3.html"
    },
    {
        "title": "PM Snackers: Brownie Bites new",
        "img": "comp_plate_promo4.png",
        "description": "Lorem ipsum dolor sit amet. consectetur adipisicing elit, sed do eiusmod tempor incididunt ut la bore et dolore magna aliqua. Ut enim ad minim veniam, quis nostrud exefcitalion ullamoo laboris nisi ut aliquip ex ea commodo oonsequat.",
        "note": "* At vero eos et accusamus et iusto odo dtgntsslmos duclmus qui blandltlis praesentlum voluptatum delenrtl atque corruptl quos doQres et quas molestlas exceptun sint occaecatl cupidrtate non pro v dent, slmllique sunt In culpa qui otflcia deserunt mollrtia anlmi. id est la bo aim et dolorum tuga. * At vero eos et accusamus et iusto odo dtgntsslmos duclmus qui blandltlis praesentlum voluptatum delenrtl atque corruptl quos doQres et quas molestlas exceptun sint occaecatl cupidrtate non pro v dent, slmllique sunt In culpa qui otflcia deserunt mollrtia anlmi. id est la bo aim et dolorum tuga.\n* At vero eos et accusamus et iusto odo dtgntsslmos duclmus qui blandltlis praesentlum voluptatum delenrtl atque corruptl quos doQres et quas molestlas exceptun sint occaecatl cupidrtate non pro v dent, slmllique sunt In culpa qui otflcia deserunt mollrtia anlmi. id est la bo aim et dolorum tuga.\n* At vero eos et accusamus et iusto odo dtgntsslmos duclmus qui blandltlis praesentlum voluptatum delenrtl atque corruptl quos doQres et quas molestlas exceptun sint occaecatl cupidrtate non pro v dent, slmllique sunt In culpa qui otflcia deserunt mollrtia anlmi. id est la bo aim et dolorum tuga.",
        "productUrl": "/products/promo4.html"
    }
]